[
    {
        "company": "HPE",
        "logo": "hpe.png",
        "tools": "HPE LoadRunner",
        "latest_version": "12.53 Patch 4",
        "plan": "Free, Premium",
        "price": "",
        "alt": "Free for 50 VUsers",
        "vusers_count": "50",
        "link": "https://saas.hpe.com/en-us/software/loadrunner/try-now?ref=PerfTractor",
        "features": "All protocols included except DCOM and GUI"
    },
    {
        "company": "HPE",
        "logo": "hpe.png",
        "tools": "StormRunner",
        "latest_version": "",
        "plan": "Free, Premium",
        "price": "Starting <br/>$0.15",
        "alt": "Free for 100 VUsers, $0.15 per virtual user hour",
        "vusers_count": "100",
        "link": "https://saas.hpe.com/en-us/signup/try/stormrunner-load?ref=PerfTractor",
        "features": "10 tests for 30 days"
    },
    {
        "company": "Apache Software Foundation",
        "logo": "asf.jpg",
        "tools": "Apache JMeter",
        "latest_version": "3.2",
        "plan": "Free",
        "price": "",
        "alt": "",
        "vusers_count": "Unlimited",
        "link": "http://jmeter.apache.org/?ref=PerfTractor",
        "features": "To simulate unlimited users, you should have valid infrastructure in place."
    },
    {
        "company": "Blazemeter",
        "logo": "blazemeter.png",
        "tools": "Blazemeter",
        "latest_version": "",
        "plan": "Free, Premium",
        "price": "Starting <br/>$99",
        "alt": "Free for 50 VUsers, Starting $99 per month",
        "vusers_count": "50",
        "link": "https://www.blazemeter.com/pricing?ref=PerfTractor",
        "features": "10 Tests, 1 Shared Loag Generator, 50 Concurrent User Annual Pricing"
    },
    {
        "company": "OctoPerf",
        "logo": "octoperf.png",
        "tools": "OctoPerf",
        "latest_version": "",
        "plan": "Free, Premium",
        "price": "Starting <br/>$130",
        "alt": "Free for 50 VUsers, Starting $130 for 1 month",
        "vusers_count": "50",
        "link": "https://octoperf.com/pricing/?ref=PerfTractor",
        "features": "50 Concurrent Users, 20 minute duration, 2 Profiles, 10 tests"
    },
    {
        "company": "LoadFocus",
        "logo": "loadfocus.png",
        "tools": "LoadFocus",
        "latest_version": "",
        "plan": "Premium",
        "price": "Starting <br/>$13.71",
        "alt": "Starting $13.71 per month",
        "vusers_count": "NA",
        "link": "https://loadfocus.com/pricing-and-plans?ref=PerfTractor",
        "features": "1000 tests/month, 1000 concurrent clients/sec, 600,000 clients/test"
    },
    {
        "company": "RedLine13",
        "logo": "redline13.png",
        "tools": "RedLine13",
        "latest_version": "",
        "plan": "Premium",
        "price": "Starting <br/>$50",
        "alt": "Starting $50 per month",
        "vusers_count": "NA",
        "link": "https://www.redline13.com/blog/2016/04/pricing-and-features?ref=PerfTractor",
        "features": "Requires AWS Account. Unlimited Tests. 1 Day Test Duration, Unlimited Virtual Users. 30 Days Data Retention and many more."
    },
    {
        "company": "SmartBear",
        "logo": "smartbear.png",
        "tools": "LoadComplete",
        "latest_version": "",
        "plan": "Free, Premium",
        "price": "Starting <br/>$230",
        "alt": "Free for 25 VUsers, Starting $230 per month",
        "vusers_count": "25",
        "link": "https://smartbear.com/product/loadcomplete/pricing?ref=PerfTractor",
        "features": "30 day Free trial. 25 VUs. "
    },
    {
        "company": "Gatling",
        "logo": "gatling.png",
        "tools": "Gatling",
        "latest_version": "",
        "plan": "Free",
        "price": "",
        "alt": "",
        "vusers_count": "Unlimited",
        "link": "http://gatling.io/download?ref=PerfTractor",
        "features": "To simulate unlimited users, you should have valid infrastructure in place."
    },
    {
        "company": "IBM",
        "logo": "IBM.png",
        "tools": "Rational Performance Tester Starter/Full Edition",
        "latest_version": "9",
        "plan": "Free, Premium",
        "price": "Starting <br/>$1,420",
        "alt": "Free for 5 VUsers, Starting $1420 for 12 months",
        "vusers_count": "5",
        "link": "https://www.ibm.com/developerworks/downloads/r/rpt?ref=PerfTractor",
        "features": "IBM Rational Performance Test Pack Virtual Testers 5 Floating User Initial Fixed Term License + SW Subscription & Support 12 Months"
    },
    {
        "company": "IBM",
        "logo": "IBM.png",
        "tools": "Rational Performance Tester on Cloud",
        "latest_version": "9",
        "plan": "Free, Premium",
        "price": "Starting <br/>$61.80",
        "alt": "Free for 1000 VUsers, Starting $61.80 per 100 VU-hours",
        "vusers_count": "1000",
        "link": "https://www.ibm.com/us-en/marketplace/rational-performance-tester/purchase#product-header-top?ref=PerfTractor",
        "features": "1000 Virtual Users, 2 Load Generating Agents, 1 hour test. Premium plan has 21 days per test run, technical support, Virtual users and agents only by data center capacity"
    },
    {
        "company": "SmartBear",
        "logo": "smartbear.png",
        "tools": "LoadUI *",
        "latest_version": "2.6.8",
        "plan": "Premium",
        "price": "Starting <br/>$4,999",
        "alt": "Starting $4999",
        "vusers_count": "NA",
        "link": "https://smartbear.com/product/ready-api/loadui-ng/pricing?ref=PerfTractor",
        "features": "250 requests/tests, Unlimited Tests per month, Unlimited Test Duration and many more"
    },
    {
        "company": "MicroFocus",
        "logo": "microfocus.png",
        "tools": "SilkPerformer",
        "latest_version": "17.5",
        "plan": "Premium",
        "price": "Contact MicroFocus",
        "alt": "45 Days trial",
        "vusers_count": "NA",
        "link": "https://www.microfocus.com/products/silk-portfolio/silk-performer/how-to-buy/?ref=PerfTractor",
        "features": ""
    },
    {
        "company": "Microsoft",
        "logo": "vsts.png",
        "tools": "Visual Studio Team Services",
        "latest_version": "2017",
        "plan": "Free, Premium",
        "price": "Starting <br/>$45",
        "alt": "Free for first 20000 virtual user minutes, Starting $45 per month",
        "vusers_count": "20000",
        "link": "https://www.visualstudio.com/vs/pricing/?ref=PerfTractor",
        "features": "Requires Visual Studio Team Services account."
    },
    {
        "company": "SOASTA",
        "logo": "soasta.png",
        "tools": "CloudTest",
        "latest_version": "",
        "plan": "Free, Premium",
        "price": "Starting <br/>$2,500",
        "alt": "Free for 100 VUsers, Starting $2500",
        "vusers_count": "100",
        "link": "https://www.soasta.com/pricing/#cloudtest?ref=PerfTractor",
        "features": "5000 Concurrent Users, 7 global locations, Up to 15 hours to script 2 business processes, 10 steps long."
    },
    {
        "company": "Neotys",
        "logo": "neotys.png",
        "tools": "NeoLoad",
        "latest_version": "",
        "plan": "Free, Premium",
        "price": "Contact Neotys",
        "alt": "Free for 50 VUsers",
        "vusers_count": "50",
        "link": "http://www.neotys.com/neoload/pricing?ref=PerfTractor",
        "features": "For developers and testers running small load or performance tests."
    },
    {
        "company": "RadView",
        "logo": "radview.jpg",
        "tools": "WebLOAD",
        "latest_version": "",
        "plan": "Free, Premium",
        "price": "Contact RedView",
        "alt": "Free for 50 VUsers",
        "vusers_count": "50",
        "link": "http://www.radview.com/i-want-pricing/?ref=PerfTractor",
        "features": "Level 2 support, Includes all the features."
    },
    {
        "company": "Load Impact",
        "logo": "loadimpact.png",
        "tools": "Load Impact",
        "latest_version": "",
        "plan": "Free, Premium",
        "price": "Starting <br/>$59",
        "alt": "Free for 100 VUsers, Starting $59 per month",
        "vusers_count": "100",
        "link": "https://loadimpact.com/pricing?ref=PerfTractor",
        "features": "100 VUs for 5 minutes."
    },
    {
        "company": "SendGrid Labs",
        "logo": "sendgrid-labs.svg",
        "tools": "Loader",
        "latest_version": "",
        "plan": "Free, Premium",
        "price": "Starting <br/>$99.95",
        "alt": "Free for 10000 VUsers, $99.95 per month",
        "vusers_count": "10000",
        "link": "https://loader.io/pricing?ref=PerfTractor",
        "features": "Unlimited target hosts Unlimited 10 min tests 10 urls per test"
    },
    {
        "company": "Flood IO",
        "logo": "flood_io.svg",
        "tools": "Flood IO",
        "latest_version": "",
        "plan": "Free, Premium",
        "price": "Starting <br/>$12",
        "alt": "Free for 5000 VUsers, $12 per hour",
        "vusers_count": "5000",
        "link": "http://flood.io/pricing?ref=PerfTractor",
        "features": "5 Node Hours free JMeter, Gatling, and Selenium support Unlimited concurrent users"
    },
    {
        "company": "Spirent",
        "logo": "blitz.png",
        "tools": "Blitz",
        "latest_version": "",
        "plan": "Premium",
        "price": "Starting <br/>$29.99",
        "alt": "$29.99 per month",
        "vusers_count": "NA",
        "link": "https://www.blitz.io/pricing#/subscriptions?ref=PerfTractor",
        "features": "50 Credits. 1 Credit = 1 minute. 2 regions. 10000 users per region."
    },
    {
        "company": "LoadStorm",
        "logo": "loadstorm.png",
        "tools": "LoadStorm",
        "latest_version": "",
        "plan": "Free, Premium",
        "price": "Starting <br/>$299.97",
        "alt": "Free for 10 VUsers, $299.97 ",
        "vusers_count": "10",
        "link": "https://loadstorm.com/load-testing-cost/?ref=PerfTractor",
        "features": "10 VUsers 10 minutes tests are free."
    },
    {
        "company": "Appvance",
        "logo": "appvance.png",
        "tools": "Appvance UTP Performance Cloud",
        "latest_version": "",
        "plan": "Free, Premium",
        "price": "Starting <br/>$49",
        "alt": "Free for 50 VUsers, $49 per month",
        "vusers_count": "50",
        "link": "https://apc.appvance.com/pricing/?ref=PerfTractor",
        "features": "50 concurrents users for API. 10 concurrent users for UX are free. 10 tests/month."
    },
    {
        "company": "Apica",
        "logo": "apica.png",
        "tools": "Apica LoadTest",
        "latest_version": "",
        "plan": "Free, Premium",
        "price": "Contact Apica",
        "alt": "Free for 50 VUsers",
        "vusers_count": "50",
        "link": "https://www.apicasystem.com/online-web-load-testing/#top?ref=PerfTractor",
        "features": ""
    },
    {
        "company": "Web Performance",
        "logo": "webperformance.png",
        "tools": "Load Tester",
        "latest_version": "",
        "plan": "Premium",
        "price": "Starting <br/>$208",
        "alt": "$208 - 1 Month Lease",
        "vusers_count": "NA",
        "link": "http://www.webperformance.com/purchase/configure.html?ref=PerfTractor",
        "features": "Maximum concurrent users are 50000"
    },
    {
        "company": "StormForger",
        "logo": "stormforger.svg",
        "tools": "StormForger",
        "latest_version": "",
        "plan": "Free, Premium",
        "price": "Starting <br/>$288",
        "alt": "Free for 300 VUsers, $288 per month.",
        "vusers_count": "300",
        "link": "https://stormforger.com/pricing/?ref=PerfTractor",
        "features": "Unlimited number of tests. Limited load generator resources and test duration. Access to all features"
    },
    {
        "company": "Quotium",
        "logo": "agileload.png",
        "tools": "AgileLoad",
        "latest_version": "",
        "plan": "Free, Premium",
        "price": "Starting <br/>$24",
        "alt": "Free for 10 VUsers, $24 Daily Rental",
        "vusers_count": "10",
        "link": "http://www.agileload.com/Product/products_list.aspx?ref=PerfTractor",
        "features": "When you install Agileload, the free license allows you to record scenarios, launch tests up to 10 concurrent users and anayze test results. The rental license allows you to execute unlimited performance tests with a maximum of simultaneous users on a defined timeframe. This rental license gives you full access to all technologies performance collector with no extra cost"
    },
    {
        "company": "Nouvola",
        "logo": "nouvala.png",
        "tools": "nouvola",
        "latest_version": "",
        "plan": "Free, Premium",
        "price": "Starting <br/>$199",
        "alt": "Free for First 600 virtual minutes, $199 per month",
        "vusers_count": "600",
        "link": "http://www.nouvola.com/pricing/?ref=PerfTractor",
        "features": "All paid plans include unlimited tests and unlimited storage."
    },
    {
        "company": "LOCUST",
        "logo": "locust.png",
        "tools": "locust",
        "latest_version": "",
        "plan": "Free",
        "price": "",
        "alt": "Free",
        "vusers_count": "Unlimited",
        "link": "http://locust.io/?ref=PerfTractor",
        "features": "To simulate unlimited users, you should have valid infrastructure in place."
    },
    {
        "company": "WAPT",
        "logo": "wapt.png",
        "tools": "WAPT",
        "latest_version": "9.3",
        "plan": "Premium",
        "price": "Starting <br/>$1,000",
        "alt": "$1,000",
        "vusers_count": "NA",
        "link": "https://www.loadtestingtool.com/order.shtml?ref=PerfTractor",
        "features": "Supports upto 2000 concurrent virtual users."
    },
    {
        "company": "WAPT",
        "logo": "wapt.png",
        "tools": "WAPT Pro",
        "latest_version": "4.3",
        "plan": "Premium",
        "price": "Starting <br/>$1,500",
        "alt": "$1,500",
        "vusers_count": "NA",
        "link": "https://www.loadtestingtool.com/order.shtml?ref=PerfTractor",
        "features": "Supports upto 1M concurrent virtual users."
    },
    {
        "company": "WAPT",
        "logo": "wapt.png",
        "tools": "WAPT Cloud",
        "latest_version": "",
        "plan": "Premium",
        "price": "Starting <br/>$5",
        "alt": "$5 per hour",
        "vusers_count": "NA",
        "link": "https://www.loadtestingtool.com/cloud-testing.shtml?ref=PerfTractor",
        "features": ""
    },
    {
        "company": "dotcom-monitor",
        "logo": "dotcom-monitor.png",
        "tools": "LoadView",
        "latest_version": "",
        "plan": "Premium",
        "price": "Starting <br/>$14.10",
        "alt": "$20 credit for signing up, $14.10 per load test",
        "vusers_count": "NA",
        "link": "https://www.loadview-testing.com/pricing/?ref=PerfTractor",
        "features": ""
    }
]